{
  "project_info": {
    "project_number": "268398738926",
    "firebase_url": "https://demosfirebase.firebaseio.com",
    "project_id": "demosfirebase",
    "storage_bucket": "demosfirebase.appspot.com"
  },
  "client": [
    {
      "client_info": {
        "mobilesdk_app_id": "1:268398738926:android:7f1f0d4c55030c82",
        "android_client_info": {
          "package_name": "co.centroida.notifications"
        }
      },
      "oauth_client": [
        {
          "client_id": "268398738926-3pv7osue1sm6445rflmaofup35bq0jhm.apps.googleusercontent.com",
          "client_type": 1,
          "android_info": {
            "package_name": "co.centroida.notifications",
            "certificate_hash": "c46c5c7c04f4c9775cfe128b4724e43513567d57"
          }
        },
        {
          "client_id": "268398738926-04to4cjl727chvmse7pmq0928f1opfdc.apps.googleusercontent.com",
          "client_type": 3
        }
      ],
      "api_key": [
        {
          "current_key": "AIzaSyDKUbjfba5Rz2BtXJ8zKcL5RFj6NxgVe4M"
        }
      ],
      "services": {
        "appinvite_service": {
          "other_platform_oauth_client": [
            {
              "client_id": "268398738926-04to4cjl727chvmse7pmq0928f1opfdc.apps.googleusercontent.com",
              "client_type": 3
            }
          ]
        }
      }
    },
    {
      "client_info": {
        "mobilesdk_app_id": "1:268398738926:android:87fcb66cc6ca320a",
        "android_client_info": {
          "package_name": "com.google.firebase.quickstart.auth"
        }
      },
      "oauth_client": [
        {
          "client_id": "268398738926-2vr38bpgij4pbl0h0qbslglkppgklknp.apps.googleusercontent.com",
          "client_type": 1,
          "android_info": {
            "package_name": "com.google.firebase.quickstart.auth",
            "certificate_hash": "c46c5c7c04f4c9775cfe128b4724e43513567d57"
          }
        },
        {
          "client_id": "268398738926-04to4cjl727chvmse7pmq0928f1opfdc.apps.googleusercontent.com",
          "client_type": 3
        }
      ],
      "api_key": [
        {
          "current_key": "AIzaSyDKUbjfba5Rz2BtXJ8zKcL5RFj6NxgVe4M"
        }
      ],
      "services": {
        "appinvite_service": {
          "other_platform_oauth_client": [
            {
              "client_id": "268398738926-04to4cjl727chvmse7pmq0928f1opfdc.apps.googleusercontent.com",
              "client_type": 3
            }
          ]
        }
      }
    },
    {
      "client_info": {
        "mobilesdk_app_id": "1:268398738926:android:fcfef757a832647b",
        "android_client_info": {
          "package_name": "com.google.firebase.quickstart.database"
        }
      },
      "oauth_client": [
        {
          "client_id": "268398738926-04to4cjl727chvmse7pmq0928f1opfdc.apps.googleusercontent.com",
          "client_type": 3
        }
      ],
      "api_key": [
        {
          "current_key": "AIzaSyDKUbjfba5Rz2BtXJ8zKcL5RFj6NxgVe4M"
        }
      ],
      "services": {
        "appinvite_service": {
          "other_platform_oauth_client": [
            {
              "client_id": "268398738926-04to4cjl727chvmse7pmq0928f1opfdc.apps.googleusercontent.com",
              "client_type": 3
            }
          ]
        }
      }
    },
    {
      "client_info": {
        "mobilesdk_app_id": "1:268398738926:android:5920de3503a2d18c",
        "android_client_info": {
          "package_name": "com.google.firebase.quickstart.fcm"
        }
      },
      "oauth_client": [
        {
          "client_id": "268398738926-c8bh95maeeo23qpqi0rou2mra715ekrv.apps.googleusercontent.com",
          "client_type": 1,
          "android_info": {
            "package_name": "com.google.firebase.quickstart.fcm",
            "certificate_hash": "c46c5c7c04f4c9775cfe128b4724e43513567d57"
          }
        },
        {
          "client_id": "268398738926-04to4cjl727chvmse7pmq0928f1opfdc.apps.googleusercontent.com",
          "client_type": 3
        }
      ],
      "api_key": [
        {
          "current_key": "AIzaSyDKUbjfba5Rz2BtXJ8zKcL5RFj6NxgVe4M"
        }
      ],
      "services": {
        "appinvite_service": {
          "other_platform_oauth_client": [
            {
              "client_id": "268398738926-04to4cjl727chvmse7pmq0928f1opfdc.apps.googleusercontent.com",
              "client_type": 3
            }
          ]
        }
      }
    },
    {
      "client_info": {
        "mobilesdk_app_id": "1:268398738926:android:328face7174011e8",
        "android_client_info": {
          "package_name": "demos.eps.udl.hellofirebase"
        }
      },
      "oauth_client": [
        {
          "client_id": "268398738926-k44v4sgmscesnjvqmj1tkbkim5ouaa9p.apps.googleusercontent.com",
          "client_type": 1,
          "android_info": {
            "package_name": "demos.eps.udl.hellofirebase",
            "certificate_hash": "c46c5c7c04f4c9775cfe128b4724e43513567d57"
          }
        },
        {
          "client_id": "268398738926-btv62436p2gj0ier0qq2heq7kdcshg9k.apps.googleusercontent.com",
          "client_type": 1,
          "android_info": {
            "package_name": "demos.eps.udl.hellofirebase",
            "certificate_hash": "b5a79a220443e538420c8a9f50d3e2f6a3f1615a"
          }
        },
        {
          "client_id": "268398738926-04to4cjl727chvmse7pmq0928f1opfdc.apps.googleusercontent.com",
          "client_type": 3
        }
      ],
      "api_key": [
        {
          "current_key": "AIzaSyDKUbjfba5Rz2BtXJ8zKcL5RFj6NxgVe4M"
        }
      ],
      "services": {
        "appinvite_service": {
          "other_platform_oauth_client": [
            {
              "client_id": "268398738926-04to4cjl727chvmse7pmq0928f1opfdc.apps.googleusercontent.com",
              "client_type": 3
            }
          ]
        }
      }
    }
  ],
  "configuration_version": "1"
}